year,disease,vaccine,reported_cases,vaccine_recommend,population,population_under5,rate1972,Chickenpox,Varicella,164114,1996,209284000,,78.416888061973,Chickenpox,Varicella,182927,1996,211357000,,86.548824971974,Chickenpox,Varicella,141495,1996,213342000,,66.323086871975,Chickenpox,Varicella,154248,1996,215465000,,71.588425031976,Chickenpox,Varicella,183990,1996,217563000,,84.568607711977,Chickenpox,Varicella,188396,1996,219760000,,85.728066981978,Chickenpox,Varicella,154089,1996,222095000,,69.379769921979,Chickenpox,Varicella,199081,1996,224567000,,88.651048461980,Chickenpox,Varicella,190894,1996,227224681,16451184,84.011120251981,Chickenpox,Varicella,200766,1996,229465714,16892719,87.492809491982,Chickenpox,Varicella,167423,1996,231664458,17227829,72.269609871983,Chickenpox,Varicella,177462,1996,233791994,17546883,75.905935431984,Chickenpox,Varicella,221983,1996,235824902,17694905,94.130432421985,Chickenpox,Varicella,178162,1996,237923795,17841621,74.881959581986,Chickenpox,Varicella,183243,1996,240132887,17962501,76.308998031987,Chickenpox,Varicella,213196,1996,242288918,18052205,87.992468561988,Chickenpox,Varicella,192857,1996,244498982,18195420,78.878447031989,Chickenpox,Varicella,185441,1996,246819230,18508058,75.132314451990,Chickenpox,Varicella,173099,1996,249622814,18856447,69.344222681991,Chickenpox,Varicella,147076,1996,252980941,19208046,58.137185921992,Chickenpox,Varicella,158364,1996,256514224,19528041,61.736927311993,Chickenpox,Varicella,134722,1996,259918588,19729275,51.832383761994,Chickenpox,Varicella,151219,1996,263125821,19776862,57.470224481995,Chickenpox,Varicella,120624,1996,266278393,19626505,45.299957931996,Chickenpox,Varicella,83511,1996,269394284,19408272,30.999544151997,Chickenpox,Varicella,98727,1996,272646925,19232671,36.210567941998,Chickenpox,Varicella,82455,1996,275854104,19144923,29.890800541999,Chickenpox,Varicella,46016,1996,279040168,19135544,16.490815762000,Chickenpox,Varicella,27382,1996,282162411,19178293,9.7043401012001,Chickenpox,Varicella,22536,1996,284968955,19298217,7.9082298632002,Chickenpox,Varicella,22841,1996,287625193,19429192,7.9412376092003,Chickenpox,Varicella,20948,1996,290107933,19592446,7.2207608332004,Chickenpox,Varicella,32931,1996,292805298,19785885,11.246722732005,Chickenpox,Varicella,32242,1996,295516599,19917400,10.910385442006,Chickenpox,Varicella,48445,1996,298379912,19938883,16.236012562007,Chickenpox,Varicella,40146,1996,301231207,20125962,13.327304432008,Chickenpox,Varicella,30386,1996,304093966,20271127,9.9923061282009,Chickenpox,Varicella,20480,1996,306771529,20244518,6.675978072010,Chickenpox,Varicella,15427,1996,309348193,20189589,4.9869371632011,Chickenpox,Varicella,14513,1996,311663358,20125988,4.6566269752012,Chickenpox,Varicella,13447,1996,313998379,19980509,4.2825061852013,Chickenpox,Varicella,11359,1996,316204908,19854133,3.5922908572014,Chickenpox,Varicella,10172,1996,318563456,19877544,3.1930843942015,Chickenpox,Varicella,9789,1996,320896618,19912499,3.0505151662016,Chickenpox,Varicella,8953,1996,323127513,19927037,2.7707328041969,Diphtheria,Dtap,241,1949,201385000,,0.1196712761970,Diphtheria,Dtap,435,1949,203984000,,0.213252021971,Diphtheria,Dtap,215,1949,206827000,,0.1039516121972,Diphtheria,Dtap,152,1949,209284000,,0.0726285811973,Diphtheria,Dtap,228,1949,211357000,,0.1078743551974,Diphtheria,Dtap,272,1949,213342000,,0.1274948211975,Diphtheria,Dtap,307,1949,215465000,,0.1424825381976,Diphtheria,Dtap,128,1949,217563000,,0.0588335331977,Diphtheria,Dtap,84,1949,219760000,,0.0382235171978,Diphtheria,Dtap,76,1949,222095000,,0.0342195911979,Diphtheria,Dtap,59,1949,224567000,,0.0262727831980,Diphtheria,Dtap,3,1949,227224681,16451184,0.0013202791981,Diphtheria,Dtap,5,1949,229465714,16892719,0.0021789751982,Diphtheria,Dtap,2,1949,231664458,17227829,0.0008633181983,Diphtheria,Dtap,5,1949,233791994,17546883,0.0021386531984,Diphtheria,Dtap,1,1949,235824902,17694905,0.0004240431985,Diphtheria,Dtap,3,1949,237923795,17841621,0.0012609081986,Diphtheria,Dtap,0,1949,240132887,17962501,01987,Diphtheria,Dtap,3,1949,242288918,18052205,0.0012381911988,Diphtheria,Dtap,2,1949,244498982,18195420,0.0008179991989,Diphtheria,Dtap,3,1949,246819230,18508058,0.0012154641990,Diphtheria,Dtap,4,1949,249622814,18856447,0.0016024181991,Diphtheria,Dtap,5,1949,252980941,19208046,0.0019764331992,Diphtheria,Dtap,4,1949,256514224,19528041,0.0015593681993,Diphtheria,Dtap,0,1949,259918588,19729275,01994,Diphtheria,Dtap,2,1949,263125821,19776862,0.0007600931995,Diphtheria,Dtap,0,1949,266278393,19626505,01996,Diphtheria,Dtap,2,1949,269394284,19408272,0.0007424061997,Diphtheria,Dtap,4,1949,272646925,19232671,0.0014670991998,Diphtheria,Dtap,1,1949,275854104,19144923,0.000362511999,Diphtheria,Dtap,1,1949,279040168,19135544,0.0003583712000,Diphtheria,Dtap,1,1949,282162411,19178293,0.0003544062001,Diphtheria,Dtap,2,1949,284968955,19298217,0.0007018312002,Diphtheria,Dtap,1,1949,287625193,19429192,0.0003476752003,Diphtheria,Dtap,1,1949,290107933,19592446,0.0003446992004,Diphtheria,Dtap,0,1949,292805298,19785885,02005,Diphtheria,Dtap,0,1949,295516599,19917400,02006,Diphtheria,Dtap,0,1949,298379912,19938883,02007,Diphtheria,Dtap,0,1949,301231207,20125962,02008,Diphtheria,Dtap,0,1949,304093966,20271127,02009,Diphtheria,Dtap,0,1949,306771529,20244518,02010,Diphtheria,Dtap,0,1949,309348193,20189589,02011,Diphtheria,Dtap,0,1949,311663358,20125988,02012,Diphtheria,Dtap,1,1949,313998379,19980509,0.0003184732013,Diphtheria,Dtap,0,1949,316204908,19854133,02014,Diphtheria,Dtap,1,1949,318563456,19877544,0.0003139092015,Diphtheria,Dtap,0,1949,320896618,19912499,02016,Diphtheria,Dtap,0,1949,323127513,19927037,01969,Hepatitis A,HepA,48416,2006,201385000,,24.041512531970,Hepatitis A,HepA,56797,2006,203984000,,27.84385051971,Hepatitis A,HepA,59606,2006,206827000,,28.819254741972,Hepatitis A,HepA,54074,2006,209284000,,25.837617781973,Hepatitis A,HepA,50749,2006,211357000,,24.011033461974,Hepatitis A,HepA,40358,2006,213342000,,18.9170441975,Hepatitis A,HepA,35855,2006,215465000,,16.640753721976,Hepatitis A,HepA,33288,2006,217563000,,15.300395751977,Hepatitis A,HepA,31153,2006,219760000,,14.175919181978,Hepatitis A,HepA,29500,2006,222095000,,13.282604291979,Hepatitis A,HepA,30407,2006,224567000,,13.540279741980,Hepatitis A,HepA,29087,2006,227224681,16451184,12.800986171981,Hepatitis A,HepA,25802,2006,229465714,16892719,11.244381371982,Hepatitis A,HepA,23403,2006,231664458,17227829,10.10211071983,Hepatitis A,HepA,21532,2006,233791994,17546883,9.2098962121984,Hepatitis A,HepA,22040,2006,235824902,17694905,9.3459171671985,Hepatitis A,HepA,23210,2006,237923795,17841621,9.7552243571986,Hepatitis A,HepA,23430,2006,240132887,17962501,9.7570975361987,Hepatitis A,HepA,25280,2006,242288918,18052205,10.43382431988,Hepatitis A,HepA,28507,2006,244498982,18195420,11.659353251989,Hepatitis A,HepA,35821,2006,246819230,18508058,14.513050711990,Hepatitis A,HepA,31441,2006,249622814,18856447,12.595403241991,Hepatitis A,HepA,24378,2006,252980941,19208046,9.6362990441992,Hepatitis A,HepA,23112,2006,256514224,19528041,9.0100266721993,Hepatitis A,HepA,24238,2006,259918588,19729275,9.3252276361994,Hepatitis A,HepA,26796,2006,263125821,19776862,10.183721191995,Hepatitis A,HepA,31582,2006,266278393,19626505,11.860519231996,Hepatitis A,HepA,31032,2006,269394284,19408272,11.519175371997,Hepatitis A,HepA,30021,2006,272646925,19232671,11.010943921998,Hepatitis A,HepA,23229,2006,275854104,19144923,8.4207556321999,Hepatitis A,HepA,17047,2006,279040168,19135544,6.1091562992000,Hepatitis A,HepA,13397,2006,282162411,19178293,4.747974742001,Hepatitis A,HepA,10609,2006,284968955,19298217,3.7228616712002,Hepatitis A,HepA,8795,2006,287625193,19429192,3.0577989042003,Hepatitis A,HepA,7653,2006,290107933,19592446,2.6379837052004,Hepatitis A,HepA,5683,2006,292805298,19785885,1.9408801822005,Hepatitis A,HepA,4488,2006,295516599,19917400,1.5186964172006,Hepatitis A,HepA,3579,2006,298379912,19938883,1.1994775312007,Hepatitis A,HepA,2979,2006,301231207,20125962,0.9889413622008,Hepatitis A,HepA,2585,2006,304093966,20271127,0.8500661932009,Hepatitis A,HepA,1987,2006,306771529,20244518,0.6477133022010,Hepatitis A,HepA,1670,2006,309348193,20189589,0.5398447572011,Hepatitis A,HepA,1398,2006,311663358,20125988,0.4485609122012,Hepatitis A,HepA,1562,2006,313998379,19980509,0.4974547972013,Hepatitis A,HepA,1781,2006,316204908,19854133,0.5632423642014,Hepatitis A,HepA,1239,2006,318563456,19877544,0.38893352015,Hepatitis A,HepA,1390,2006,320896618,19912499,0.4331613122016,Hepatitis A,HepA,2007,2006,323127513,19927037,0.6211170261969,Hepatitis B,HepB,5909,1994,201385000,,2.9341807981970,Hepatitis B,HepB,8310,1994,203984000,,4.0738489291971,Hepatitis B,HepB,9556,1994,206827000,,4.620286521972,Hepatitis B,HepB,9402,1994,209284000,,4.4924600061973,Hepatitis B,HepB,8451,1994,211357000,,3.9984481231974,Hepatitis B,HepB,10631,1994,213342000,,4.9830788121975,Hepatitis B,HepB,13121,1994,215465000,,6.0896201241976,Hepatitis B,HepB,14973,1994,217563000,,6.8821444821977,Hepatitis B,HepB,16831,1994,219760000,,7.658809611978,Hepatitis B,HepB,15016,1994,222095000,,6.7610707131979,Hepatitis B,HepB,15452,1994,224567000,,6.8807972681980,Hepatitis B,HepB,19015,1994,227224681,16451184,8.3683691031981,Hepatitis B,HepB,21152,1994,229465714,16892719,9.2179348411982,Hepatitis B,HepB,22177,1994,231664458,17227829,9.5728970221983,Hepatitis B,HepB,24318,1994,233791994,17546883,10.401553781984,Hepatitis B,HepB,26115,1994,235824902,17694905,11.073894141985,Hepatitis B,HepB,26611,1994,237923795,17841621,11.184673651986,Hepatitis B,HepB,26107,1994,240132887,17962501,10.871896941987,Hepatitis B,HepB,25916,1994,242288918,18052205,10.696320831988,Hepatitis B,HepB,23177,1994,244498982,18195420,9.4793850721989,Hepatitis B,HepB,23419,1994,246819230,18508058,9.4883206631990,Hepatitis B,HepB,21102,1994,249622814,18856447,8.4535542491991,Hepatitis B,HepB,18003,1994,252980941,19208046,7.1163463651992,Hepatitis B,HepB,16126,1994,256514224,19528041,6.2865909531993,Hepatitis B,HepB,13361,1994,259918588,19729275,5.1404557491994,Hepatitis B,HepB,12517,1994,263125821,19776862,4.7570397891995,Hepatitis B,HepB,10805,1994,266278393,19626505,4.0577832391996,Hepatitis B,HepB,10637,1994,269394284,19408272,3.9484876381997,Hepatitis B,HepB,10416,1994,272646925,19232671,3.82032551998,Hepatitis B,HepB,10258,1994,275854104,19144923,3.7186323681999,Hepatitis B,HepB,7694,1994,279040168,19135544,2.757309122000,Hepatitis B,HepB,8036,1994,282162411,19178293,2.8480051512001,Hepatitis B,HepB,7843,1994,284968955,19298217,2.7522296242002,Hepatitis B,HepB,7996,1994,287625193,19429192,2.7800068262003,Hepatitis B,HepB,7526,1994,290107933,19592446,2.5942068952004,Hepatitis B,HepB,6212,1994,292805298,19785885,2.1215463122005,Hepatitis B,HepB,5119,1994,295516599,19917400,1.7322208022006,Hepatitis B,HepB,4713,1994,298379912,19938883,1.5795299252007,Hepatitis B,HepB,4519,1994,301231207,20125962,1.5001765742008,Hepatitis B,HepB,4033,1994,304093966,20271127,1.3262347992009,Hepatitis B,HepB,3405,1994,306771529,20244518,1.1099465492010,Hepatitis B,HepB,3374,1994,309348193,20189589,1.0906803652011,Hepatitis B,HepB,2903,1994,311663358,20125988,0.9314537392012,Hepatitis B,HepB,2895,1994,313998379,19980509,0.9219792822013,Hepatitis B,HepB,3050,1994,316204908,19854133,0.9645644082014,Hepatitis B,HepB,2791,1994,318563456,19877544,0.8761205812015,Hepatitis B,HepB,3370,1994,320896618,19912499,1.0501824612016,Hepatitis B,HepB,3218,1994,323127513,19927037,0.9958916752002,Hib (age < 5 yr),Hib,34,1989,287625193,19429192,0.174994412003,Hib (age < 5 yr),Hib,32,1989,290107933,19592446,0.1633282542004,Hib (age < 5 yr),Hib,19,1989,292805298,19785885,0.0960280522005,Hib (age < 5 yr),Hib,9,1989,295516599,19917400,0.0451866212006,Hib (age < 5 yr),Hib,29,1989,298379912,19938883,0.1454444562007,Hib (age < 5 yr),Hib,22,1989,301231207,20125962,0.1093115452008,Hib (age < 5 yr),Hib,30,1989,304093966,20271127,0.1479937452009,Hib (age < 5 yr),Hib,38,1989,306771529,20244518,0.1877051362010,Hib (age < 5 yr),Hib,23,1989,309348193,20189589,0.11392012011,Hib (age < 5 yr),Hib,14,1989,311663358,20125988,0.0695618022012,Hib (age < 5 yr),Hib,30,1989,313998379,19980509,0.1501463252013,Hib (age < 5 yr),Hib,31,1989,316204908,19854133,0.1561387752014,Hib (age < 5 yr),Hib,40,1989,318563456,19877544,0.2012321042015,Hib (age < 5 yr),Hib,29,1989,320896618,19912499,0.145637172016,Hib (age < 5 yr),Hib,30,1989,323127513,19927037,0.1505492261969,Measles,MMR,25826,1971,201385000,,12.824192471970,Measles,MMR,47351,1971,203984000,,23.213095141971,Measles,MMR,75290,1971,206827000,,36.402403941972,Measles,MMR,32275,1971,209284000,,15.421628031973,Measles,MMR,26690,1971,211357000,,12.627923371974,Measles,MMR,22094,1971,213342000,,10.356141781975,Measles,MMR,24374,1971,215465000,,11.31227811976,Measles,MMR,41126,1971,217563000,,18.903030391977,Measles,MMR,57345,1971,219760000,,26.094375681978,Measles,MMR,26871,1971,222095000,,12.098876611979,Measles,MMR,13597,1971,224567000,,6.0547631661980,Measles,MMR,13506,1971,227224681,16451184,5.9438965611981,Measles,MMR,3124,1971,229465714,16892719,1.3614234331982,Measles,MMR,1714,1971,231664458,17227829,0.7398631691983,Measles,MMR,1497,1971,233791994,17546883,0.6403127731984,Measles,MMR,2587,1971,235824902,17694905,1.097000351985,Measles,MMR,2822,1971,237923795,17841621,1.186094061986,Measles,MMR,6282,1971,240132887,17962501,2.6160515031987,Measles,MMR,3655,1971,242288918,18052205,1.5085295811988,Measles,MMR,3396,1971,244498982,18195420,1.3889628381989,Measles,MMR,18193,1971,246819230,18508058,7.3709815881990,Measles,MMR,27786,1971,249622814,18856447,11.131194121991,Measles,MMR,9643,1971,252980941,19208046,3.8117495971992,Measles,MMR,2237,1971,256514224,19528041,0.8720763961993,Measles,MMR,312,1971,259918588,19729275,0.1200375871994,Measles,MMR,963,1971,263125821,19776862,0.3659846061995,Measles,MMR,309,1971,266278393,19626505,0.1160439631996,Measles,MMR,508,1971,269394284,19408272,0.1885711871997,Measles,MMR,138,1971,272646925,19232671,0.0506149121998,Measles,MMR,100,1971,275854104,19144923,0.0362510471999,Measles,MMR,100,1971,279040168,19135544,0.0358371342000,Measles,MMR,86,1971,282162411,19178293,0.03047892001,Measles,MMR,116,1971,284968955,19298217,0.0407061892002,Measles,MMR,44,1971,287625193,19429192,0.0152976862003,Measles,MMR,56,1971,290107933,19592446,0.0193031612004,Measles,MMR,37,1971,292805298,19785885,0.0126363832005,Measles,MMR,66,1971,295516599,19917400,0.0223337712006,Measles,MMR,55,1971,298379912,19938883,0.0184328762007,Measles,MMR,43,1971,301231207,20125962,0.0142747492008,Measles,MMR,140,1971,304093966,20271127,0.0460384012009,Measles,MMR,71,1971,306771529,20244518,0.023144262010,Measles,MMR,63,1971,309348193,20189589,0.0203654012011,Measles,MMR,220,1971,311663358,20125988,0.0705889852012,Measles,MMR,55,1971,313998379,19980509,0.0175160142013,Measles,MMR,187,1971,316204908,19854133,0.0591388672014,Measles,MMR,667,1971,318563456,19877544,0.2093774372015,Measles,MMR,188,1971,320896618,19912499,0.0585858462016,Measles,MMR,85,1971,323127513,19927037,0.0263054051969,Mumps,MMR,90918,1971,201385000,,45.146361451970,Mumps,MMR,104953,1971,203984000,,51.451584441971,Mumps,MMR,124939,1971,206827000,,60.407490321972,Mumps,MMR,74215,1971,209284000,,35.461382621973,Mumps,MMR,69612,1971,211357000,,32.935743791974,Mumps,MMR,59128,1971,213342000,,27.715124071975,Mumps,MMR,59647,1971,215465000,,27.682918341976,Mumps,MMR,38492,1971,217563000,,17.692346581977,Mumps,MMR,21436,1971,219760000,,9.7542773941978,Mumps,MMR,16817,1971,222095000,,7.5719849611979,Mumps,MMR,14225,1971,224567000,,6.3344124471980,Mumps,MMR,8576,1971,227224681,16451184,3.7742378871981,Mumps,MMR,4941,1971,229465714,16892719,2.1532628621982,Mumps,MMR,5270,1971,231664458,17227829,2.2748418321983,Mumps,MMR,3355,1971,233791994,17546883,1.4350363081984,Mumps,MMR,3021,1971,235824902,17694905,1.2810351981985,Mumps,MMR,2982,1971,237923795,17841621,1.2533424831986,Mumps,MMR,7790,1971,240132887,17962501,3.2440371231987,Mumps,MMR,12848,1971,242288918,18052205,5.3027600711988,Mumps,MMR,4866,1971,244498982,18195420,1.9901923351989,Mumps,MMR,5712,1971,246819230,18508058,2.3142443161990,Mumps,MMR,5292,1971,249622814,18856447,2.1199985351991,Mumps,MMR,4264,1971,252980941,19208046,1.6855024661992,Mumps,MMR,2572,1971,256514224,19528041,1.0026734421993,Mumps,MMR,1692,1971,259918588,19729275,0.6509730651994,Mumps,MMR,1537,1971,263125821,19776862,0.5841311941995,Mumps,MMR,906,1971,266278393,19626505,0.3402454061996,Mumps,MMR,751,1971,269394284,19408272,0.2787735471997,Mumps,MMR,683,1971,272646925,19232671,0.2505071351998,Mumps,MMR,666,1971,275854104,19144923,0.2414319711999,Mumps,MMR,387,1971,279040168,19135544,0.138689712000,Mumps,MMR,338,1971,282162411,19178293,0.1197891662001,Mumps,MMR,266,1971,284968955,19298217,0.0933435012002,Mumps,MMR,270,1971,287625193,19429192,0.0938721662003,Mumps,MMR,231,1971,290107933,19592446,0.0796255372004,Mumps,MMR,258,1971,292805298,19785885,0.088113162005,Mumps,MMR,314,1971,295516599,19917400,0.1062546072006,Mumps,MMR,6584,1971,298379912,19938883,2.2065828612007,Mumps,MMR,800,1971,301231207,20125962,0.2655767342008,Mumps,MMR,454,1971,304093966,20271127,0.1492959582009,Mumps,MMR,1991,1971,306771529,20244518,0.6490172042010,Mumps,MMR,2612,1971,309348193,20189589,0.8443559912011,Mumps,MMR,404,1971,311663358,20125988,0.1296270452012,Mumps,MMR,229,1971,313998379,19980509,0.0729303132013,Mumps,MMR,584,1971,316204908,19854133,0.1846903652014,Mumps,MMR,1223,1971,318563456,19877544,0.3839109532015,Mumps,MMR,1329,1971,320896618,19912499,0.4141520742016,Mumps,MMR,6369,1971,323127513,19927037,1.9710485011969,Pertussis,Dtap,3285,1949,201385000,,1.6312039131970,Pertussis,Dtap,4249,1949,203984000,,2.083006511971,Pertussis,Dtap,3036,1949,206827000,,1.4678934571972,Pertussis,Dtap,3287,1949,209284000,,1.570593071973,Pertussis,Dtap,1759,1949,211357000,,0.8322411841974,Pertussis,Dtap,2402,1949,213342000,,1.1258917611975,Pertussis,Dtap,1738,1949,215465000,,0.8066275271976,Pertussis,Dtap,1010,1949,217563000,,0.4642333491977,Pertussis,Dtap,2177,1949,219760000,,0.9906261381978,Pertussis,Dtap,2063,1949,222095000,,0.9288817851979,Pertussis,Dtap,1623,1949,224567000,,0.7227241761980,Pertussis,Dtap,1730,1949,227224681,16451184,0.7613609541981,Pertussis,Dtap,1248,1949,229465714,16892719,0.5438721011982,Pertussis,Dtap,1898,1949,231664458,17227829,0.8192883861983,Pertussis,Dtap,2463,1949,233791994,17546883,1.0535005751984,Pertussis,Dtap,2276,1949,235824902,17694905,0.9651228441985,Pertussis,Dtap,3589,1949,237923795,17841621,1.5084661881986,Pertussis,Dtap,4195,1949,240132887,17962501,1.7469493881987,Pertussis,Dtap,2823,1949,242288918,18052205,1.1651378951988,Pertussis,Dtap,3450,1949,244498982,18195420,1.411048821989,Pertussis,Dtap,4157,1949,246819230,18508058,1.6842285751990,Pertussis,Dtap,4570,1949,249622814,18856447,1.8307621511991,Pertussis,Dtap,2719,1949,252980941,19208046,1.0747845231992,Pertussis,Dtap,4083,1949,256514224,19528041,1.5917245981993,Pertussis,Dtap,6586,1949,259918588,19729275,2.5338703361994,Pertussis,Dtap,4617,1949,263125821,19776862,1.754673861995,Pertussis,Dtap,5137,1949,266278393,19626505,1.9291839421996,Pertussis,Dtap,7796,1949,269394284,19408272,2.893899561997,Pertussis,Dtap,6564,1949,272646925,19232671,2.4075092721998,Pertussis,Dtap,7405,1949,275854104,19144923,2.6843900061999,Pertussis,Dtap,7288,1949,279040168,19135544,2.6118103542000,Pertussis,Dtap,7867,1949,282162411,19178293,2.7881105682001,Pertussis,Dtap,7580,1949,284968955,19298217,2.6599388692002,Pertussis,Dtap,9771,1949,287625193,19429192,3.3971294022003,Pertussis,Dtap,11647,1949,290107933,19592446,4.014712692004,Pertussis,Dtap,25827,1949,292805298,19785885,8.820537122005,Pertussis,Dtap,25616,1949,295516599,19917400,8.6682102082006,Pertussis,Dtap,15632,1949,298379912,19938883,5.238958582007,Pertussis,Dtap,10454,1949,301231207,20125962,3.4704239662008,Pertussis,Dtap,13278,1949,304093966,20271127,4.3664135052009,Pertussis,Dtap,16858,1949,306771529,20244518,5.4952948392010,Pertussis,Dtap,27550,1949,309348193,20189589,8.9058221852011,Pertussis,Dtap,18719,1949,311663358,20125988,6.0061600182012,Pertussis,Dtap,48277,1949,313998379,19980509,15.374920142013,Pertussis,Dtap,28639,1949,316204908,19854133,9.0571016692014,Pertussis,Dtap,32971,1949,318563456,19877544,10.349900272015,Pertussis,Dtap,20762,1949,320896618,19912499,6.4699965152016,Pertussis,Dtap,17972,1949,323127513,19927037,5.561890982010,Pneumococcal (age < 5 yr),PCV,2186,2001,309348193,20189589,10.827362562011,Pneumococcal (age < 5 yr),PCV,1459,2001,311663358,20125988,7.2493335482012,Pneumococcal (age < 5 yr),PCV,1266,2001,313998379,19980509,6.3361749192013,Pneumococcal (age < 5 yr),PCV,1171,2001,316204908,19854133,5.8980162972014,Pneumococcal (age < 5 yr),PCV,1065,2001,318563456,19877544,5.3578047672015,Pneumococcal (age < 5 yr),PCV,1177,2001,320896618,19912499,5.9108603092016,Pneumococcal (age < 5 yr),PCV,1142,2001,323127513,19927037,5.7309072092010,Pneumococcal (all ages),PCV,16569,2001,309348193,20189589,5.3561004642011,Pneumococcal (all ages),PCV,17138,2001,311663358,20125988,5.4988819062012,Pneumococcal (all ages),PCV,15635,2001,313998379,19980509,4.9793250682013,Pneumococcal (all ages),PCV,17193,2001,316204908,19854133,5.4372970072014,Pneumococcal (all ages),PCV,15356,2001,318563456,19877544,4.8203896932015,Pneumococcal (all ages),PCV,16163,2001,320896618,19912499,5.0368246642016,Pneumococcal (all ages),PCV,17626,2001,323127513,19927037,5.4548125091969,Polio,IPV,18,1961,201385000,,0.0089381041970,Polio,IPV,31,1961,203984000,,0.015197271971,Polio,IPV,17,1961,206827000,,0.008219431972,Polio,IPV,29,1961,209284000,,0.0138567691973,Polio,IPV,7,1961,211357000,,0.0033119321974,Polio,IPV,7,1961,213342000,,0.0032811171975,Polio,IPV,13,1961,215465000,,0.0060334631976,Polio,IPV,10,1961,217563000,,0.004596371977,Polio,IPV,19,1961,219760000,,0.0086457951978,Polio,IPV,8,1961,222095000,,0.0036020621979,Polio,IPV,22,1961,224567000,,0.0097966311980,Polio,IPV,9,1961,227224681,16451184,0.0039608371981,Polio,IPV,10,1961,229465714,16892719,0.004357951982,Polio,IPV,12,1961,231664458,17227829,0.0051799051983,Polio,IPV,13,1961,233791994,17546883,0.0055604981984,Polio,IPV,9,1961,235824902,17694905,0.0038163911985,Polio,IPV,8,1961,237923795,17841621,0.0033624211986,Polio,IPV,10,1961,240132887,17962501,0.0041643611987,Polio,IPV,9,1961,242288918,18052205,0.0037145741988,Polio,IPV,9,1961,244498982,18195420,0.0036809971989,Polio,IPV,11,1961,246819230,18508058,0.0044567031990,Polio,IPV,6,1961,249622814,18856447,0.0024036261991,Polio,IPV,10,1961,252980941,19208046,0.0039528671992,Polio,IPV,6,1961,256514224,19528041,0.0023390521993,Polio,IPV,4,1961,259918588,19729275,0.0015389431994,Polio,IPV,8,1961,263125821,19776862,0.0030403711995,Polio,IPV,7,1961,266278393,19626505,0.0026288281996,Polio,IPV,5,1961,269394284,19408272,0.0018560161997,Polio,IPV,5,1961,272646925,19232671,0.0018338741998,Polio,IPV,1,1961,275854104,19144923,0.000362511999,Polio,IPV,0,1961,279040168,19135544,02000,Polio,IPV,0,1961,282162411,19178293,02001,Polio,IPV,0,1961,284968955,19298217,02002,Polio,IPV,0,1961,287625193,19429192,02003,Polio,IPV,0,1961,290107933,19592446,02004,Polio,IPV,0,1961,292805298,19785885,02005,Polio,IPV,1,1961,295516599,19917400,0.000338392006,Polio,IPV,0,1961,298379912,19938883,02007,Polio,IPV,0,1961,301231207,20125962,02008,Polio,IPV,0,1961,304093966,20271127,02009,Polio,IPV,1,1961,306771529,20244518,0.0003259752010,Polio,IPV,0,1961,309348193,20189589,02011,Polio,IPV,0,1961,311663358,20125988,02012,Polio,IPV,0,1961,313998379,19980509,02013,Polio,IPV,1,1961,316204908,19854133,0.0003162512014,Polio,IPV,0,1961,318563456,19877544,02015,Polio,IPV,0,1961,320896618,19912499,02016,Polio,IPV,0,1961,323127513,19927037,01969,Rubella,MMR,57686,1971,201385000,,28.64463591970,Rubella,MMR,56552,1971,203984000,,27.723743041971,Rubella,MMR,45086,1971,206827000,,21.798894731972,Rubella,MMR,25507,1971,209284000,,12.187744881973,Rubella,MMR,27804,1971,211357000,,13.154993681974,Rubella,MMR,11917,1971,213342000,,5.5858668241975,Rubella,MMR,16652,1971,215465000,,7.7284013641976,Rubella,MMR,12491,1971,217563000,,5.7413255011977,Rubella,MMR,20395,1971,219760000,,9.2805788131978,Rubella,MMR,18269,1971,222095000,,8.2257592471979,Rubella,MMR,11795,1971,224567000,,5.252330041980,Rubella,MMR,3904,1971,227224681,16451184,1.7181232171981,Rubella,MMR,2077,1971,229465714,16892719,0.9051461171982,Rubella,MMR,2325,1971,231664458,17227829,1.0036066911983,Rubella,MMR,970,1971,233791994,17546883,0.4148987241984,Rubella,MMR,752,1971,235824902,17694905,0.3188806581985,Rubella,MMR,630,1971,237923795,17841621,0.2647906651986,Rubella,MMR,551,1971,240132887,17962501,0.2294562841987,Rubella,MMR,306,1971,242288918,18052205,0.12629551988,Rubella,MMR,225,1971,244498982,18195420,0.0920249231989,Rubella,MMR,396,1971,246819230,18508058,0.1604413081990,Rubella,MMR,1125,1971,249622814,18856447,0.4506799611991,Rubella,MMR,1401,1971,252980941,19208046,0.5537966591992,Rubella,MMR,160,1971,256514224,19528041,0.0623747091993,Rubella,MMR,192,1971,259918588,19729275,0.0738692841994,Rubella,MMR,227,1971,263125821,19776862,0.0862705151995,Rubella,MMR,128,1971,266278393,19626505,0.0480699911996,Rubella,MMR,238,1971,269394284,19408272,0.0883463441997,Rubella,MMR,181,1971,272646925,19232671,0.0663862251998,Rubella,MMR,364,1971,275854104,19144923,0.131953811999,Rubella,MMR,267,1971,279040168,19135544,0.0956851492000,Rubella,MMR,176,1971,282162411,19178293,0.0623754242001,Rubella,MMR,23,1971,284968955,19298217,0.0080710552002,Rubella,MMR,18,1971,287625193,19429192,0.0062581442003,Rubella,MMR,7,1971,290107933,19592446,0.0024128952004,Rubella,MMR,10,1971,292805298,19785885,0.0034152392005,Rubella,MMR,11,1971,295516599,19917400,0.0037222952006,Rubella,MMR,11,1971,298379912,19938883,0.0036865752007,Rubella,MMR,12,1971,301231207,20125962,0.0039836512008,Rubella,MMR,16,1971,304093966,20271127,0.0052615322009,Rubella,MMR,3,1971,306771529,20244518,0.0009779262010,Rubella,MMR,5,1971,309348193,20189589,0.0016163022011,Rubella,MMR,4,1971,311663358,20125988,0.0012834362012,Rubella,MMR,9,1971,313998379,19980509,0.0028662572013,Rubella,MMR,9,1971,316204908,19854133,0.0028462562014,Rubella,MMR,6,1971,318563456,19877544,0.0018834552015,Rubella,MMR,5,1971,320896618,19912499,0.0015581342016,Rubella,MMR,1,1971,323127513,19927037,0.0003094751969,Tetanus,Dtap,192,1949,201385000,,0.0953397721970,Tetanus,Dtap,148,1949,203984000,,0.072554711971,Tetanus,Dtap,116,1949,206827000,,0.0560855211972,Tetanus,Dtap,128,1949,209284000,,0.0611609111973,Tetanus,Dtap,101,1949,211357000,,0.0477864471974,Tetanus,Dtap,101,1949,213342000,,0.0473418271975,Tetanus,Dtap,102,1949,215465000,,0.0473394751976,Tetanus,Dtap,75,1949,217563000,,0.0344727731977,Tetanus,Dtap,87,1949,219760000,,0.0395886421978,Tetanus,Dtap,86,1949,222095000,,0.0387221681979,Tetanus,Dtap,81,1949,224567000,,0.0360694141980,Tetanus,Dtap,95,1949,227224681,16451184,0.0418088391981,Tetanus,Dtap,72,1949,229465714,16892719,0.0313772371982,Tetanus,Dtap,88,1949,231664458,17227829,0.0379859741983,Tetanus,Dtap,91,1949,233791994,17546883,0.0389234891984,Tetanus,Dtap,74,1949,235824902,17694905,0.0313792141985,Tetanus,Dtap,83,1949,237923795,17841621,0.0348851191986,Tetanus,Dtap,64,1949,240132887,17962501,0.026651911987,Tetanus,Dtap,48,1949,242288918,18052205,0.0198110591988,Tetanus,Dtap,53,1949,244498982,18195420,0.0216769821989,Tetanus,Dtap,53,1949,246819230,18508058,0.0214732051990,Tetanus,Dtap,64,1949,249622814,18856447,0.0256386821991,Tetanus,Dtap,57,1949,252980941,19208046,0.0225313421992,Tetanus,Dtap,45,1949,256514224,19528041,0.0175428871993,Tetanus,Dtap,48,1949,259918588,19729275,0.0184673211994,Tetanus,Dtap,51,1949,263125821,19776862,0.0193823621995,Tetanus,Dtap,41,1949,266278393,19626505,0.0153974191996,Tetanus,Dtap,36,1949,269394284,19408272,0.0133633121997,Tetanus,Dtap,50,1949,272646925,19232671,0.0183387361998,Tetanus,Dtap,41,1949,275854104,19144923,0.0148629291999,Tetanus,Dtap,40,1949,279040168,19135544,0.0143348542000,Tetanus,Dtap,35,1949,282162411,19178293,0.0124042042001,Tetanus,Dtap,37,1949,284968955,19298217,0.012983872002,Tetanus,Dtap,25,1949,287625193,19429192,0.0086918672003,Tetanus,Dtap,20,1949,290107933,19592446,0.0068939862004,Tetanus,Dtap,34,1949,292805298,19785885,0.0116118122005,Tetanus,Dtap,27,1949,295516599,19917400,0.0091365432006,Tetanus,Dtap,41,1949,298379912,19938883,0.0137408712007,Tetanus,Dtap,28,1949,301231207,20125962,0.0092951862008,Tetanus,Dtap,19,1949,304093966,20271127,0.0062480692009,Tetanus,Dtap,18,1949,306771529,20244518,0.0058675592010,Tetanus,Dtap,26,1949,309348193,20189589,0.0084047692011,Tetanus,Dtap,36,1949,311663358,20125988,0.0115509252012,Tetanus,Dtap,37,1949,313998379,19980509,0.01178352013,Tetanus,Dtap,26,1949,316204908,19854133,0.0082225162014,Tetanus,Dtap,25,1949,318563456,19877544,0.007847732015,Tetanus,Dtap,29,1949,320896618,19912499,0.0090371782016,Tetanus,Dtap,34,1949,323127513,19927037,0.010522162